PromptID|PromptType|PromptShortSummary|PromptGroup|PromptFulltext|Tested in|Test Result|Test Date|Test Details
PROMPT-011|Instructional|Checking a profile based on a custom styleguide|Proofing||Copilot|Partially Successful|2025-10-31|"I have a helper file in markdown format that includes all the style and content details for every kind of profile we produce. I was testing out this helper file to see how it worked checking Word fonts with Copilot. It failed to detect a wrong font at first because of how Calibri is represented on the metadata level of Word docs as a default. If the user has not changed their default font, Copilot said it can't detect Calibri. Or it was just a classic AI mistake. In any case, when I changed my default font using the Design tab, and manually changed a few other sentences, and then told it specifically to look for fonts that I don't want... it correctly identified the fonts and lines they were on. All of this is kind of silly, since profiles should just be generated automatically from database information, not fiddled with like hand - but that's the way it is for some shops right now, even still. The helper file needs to be much more specific, and maybe if would help if instead of just having the details of what's supposed to be in the profile and how it's formatted, the file should have a 2-round process, where it first checks for content, then checks for formatting, with smaller steps within those processes when necessary. I think it's possible to make a ""proofer module"" that exists as one piece of the helper file, and doesn't have to stand on it's own."
PROMPT-001|Instructional||Proofing|||||
PROMPT-002|Generative|Checking company headquarter and office details|Public Research|Search online and confirm the current headquarters location of [Company Name]. Include the city, state/province, and country. If multiple locations are listed, prioritize the official corporate headquarters. If no headquarters is found, return the most relevant office location. Prefer sources with data updated within the last year, if available. Provide the source URLs and present all details in a table|Copilot|Successful|2025-10-31|Tested three companies, it seemed to do alright, and this prompt is mostly good for quick spot checks without finding the press releases yourself
PROMPT-003|Analytical||Data Wrangling|||||
PROMPT-004|Transformative||Proofing|||||
PROMPT-005|Exploratory||Public Research|||||
PROMPT-006|Instructional||Data Wrangling|||||
PROMPT-007|Generative||Proofing|||||
PROMPT-008|Analytical||Public Research|||||
PROMPT-009|Transformative||Data Wrangling|||||
PROMPT-010|Exploratory||Public Research|||||
PROMPT-012|Generative||Data Wrangling|||||
PROMPT-013|Analytical||Public Research|||||
PROMPT-014|Transformative||Proofing|||||